{"cameraMode":{"drawMode":0,"name":"Shaded","section":"Shading Mode"},"sceneLighting":true,"audioPlay":false,"sceneViewState":{"m_AlwaysRefresh":false,"showFog":true,"showSkybox":true,"showFlares":true,"showImageEffects":true,"showParticleSystems":true,"showVisualEffectGraphs":true,"m_FxEnabled":true},"in2DMode":false,"pivot":{"x":0.360739529132843,"y":3.196617603302002,"z":-3.3004097938537599},"rotation":{"x":0.027794117107987405,"y":-0.034676987677812579,"z":0.0009852474322542549,"w":0.9992215633392334},"size":5.202608108520508,"orthographic":false}