{"cameraMode":{"drawMode":0,"name":"Shaded","section":"Shading Mode"},"sceneLighting":false,"audioPlay":false,"sceneViewState":{"m_AlwaysRefresh":false,"showFog":true,"showSkybox":false,"showFlares":true,"showImageEffects":true,"showParticleSystems":true,"showVisualEffectGraphs":true,"m_FxEnabled":true},"in2DMode":false,"pivot":{"x":3.7025363445281984,"y":3.1821720600128176,"z":-3.208125591278076},"rotation":{"x":0.039789531379938129,"y":-0.02966839075088501,"z":0.0011702277697622777,"w":0.9989684820175171},"size":5.310479640960693,"orthographic":false}